{"Does": 0.0016155088852988692, "Take": 0.0016155088852988692, "Zoomed": 0.0005385029617662897, "Until": 0.0016155088852988692, "Today": 0.0005385029617662897, "Meant": 0.0005385029617662897, "Brown": 0.0005385029617662897, "Someone": 0.004308023694130318, "Exactly": 0.0010770059235325794, "SANTA": 0.0005385029617662897, "Not": 0.0016155088852988692, "Now": 0.0026925148088314485, "Hector": 0.0010770059235325794, "Anything": 0.0005385029617662897, "Candy": 0.0005385029617662897, "Laurie": 0.0005385029617662897, "FORGOTTEN": 0.0005385029617662897, "Where": 0.004308023694130318, "Copper": 0.0005385029617662897, "Just": 0.0032310177705977385, "Super": 0.0005385029617662897, "Wretch": 0.0005385029617662897, "Much": 0.0005385029617662897, "Go": 0.0005385029617662897, "Soldiers": 0.0005385029617662897, "CAPTAIN": 0.0005385029617662897, "Drippy": 0.0005385029617662897, "Turkey": 0.0005385029617662897, "BENJAMIN": 0.0005385029617662897, "zk": 0.0005385029617662897, "Dancin": 0.0005385029617662897, "Eagerly": 0.0005385029617662897, "Only": 0.0005385029617662897, "Rich": 0.0005385029617662897, "SHADOW": 0.0005385029617662897, "Red": 0.0010770059235325794, "WHAT": 0.0010770059235325794, "HUG": 0.0005385029617662897, "Tried": 0.0005385029617662897, "Inside": 0.0010770059235325794, "Put": 0.0016155088852988692, "PIRATE": 0.0005385029617662897, "Me": 0.0010770059235325794, "Dad": 0.0005385029617662897, "LAZY": 0.0005385029617662897, "Ma": 0.0016155088852988692, "Charlie": 0.0005385029617662897, "Ferns": 0.0005385029617662897, "Zoom": 0.0005385029617662897, "Whispering": 0.0005385029617662897, "My": 0.014001077005923533, "Lying": 0.0005385029617662897, "ME": 0.0005385029617662897, "MA": 0.0005385029617662897, "Cried": 0.0010770059235325794, "Open": 0.0005385029617662897, "Back": 0.0005385029617662897, "Dead": 0.0005385029617662897, "Gentle": 0.0005385029617662897, "Bikes": 0.0005385029617662897, "TRAFFIC": 0.0005385029617662897, "Dear": 0.0005385029617662897, "Airplane": 0.0005385029617662897, "Butterscotch": 0.0005385029617662897, "Said": 0.009693053311793215, "Darkness": 0.0005385029617662897, "Whoosh": 0.0005385029617662897, "Three": 0.0026925148088314485, "Too": 0.0005385029617662897, "Columbus": 0.0005385029617662897, "Presently": 0.0005385029617662897, "POINT": 0.0005385029617662897, "Stay": 0.0005385029617662897, "JUMPING": 0.0005385029617662897, "Broke": 0.0005385029617662897, "Those": 0.0005385029617662897, "Butter": 0.0010770059235325794, "F": 0.0010770059235325794, "Bless": 0.0005385029617662897, "So": 0.01830910070005385, "Biting": 0.0005385029617662897, "Better": 0.0005385029617662897, "Followed": 0.0010770059235325794, "Down": 0.0010770059235325794, "Bats": 0.0005385029617662897, "Chunks": 0.0005385029617662897, "Our": 0.0005385029617662897, "Swung": 0.0005385029617662897, "my": 0.0005385029617662897, "Your": 0.0010770059235325794, "Out": 0.0005385029617662897, "Standing": 0.0005385029617662897, "Cause": 0.004846526655896607, "Christmas": 0.0005385029617662897, "Happened": 0.0005385029617662897, "Who": 0.007000538502961767, "ONE": 0.0005385029617662897, "1": 0.0005385029617662897, "Fruit": 0.0005385029617662897, "Seasons": 0.0005385029617662897, "Pizza": 0.0005385029617662897, "Peeked": 0.0005385029617662897, "Why": 0.002154011847065159, "A": 0.01992460958535272, "Don": 0.0010770059235325794, "WOULD": 0.0005385029617662897, "Will": 0.002154011847065159, "BAND": 0.0005385029617662897, "BANG": 0.0005385029617662897, "jumping": 0.0016155088852988692, "PAUL": 0.0005385029617662897, "Joey": 0.0005385029617662897, "a": 0.002154011847065159, "All": 0.002154011847065159, "Upstairs": 0.0005385029617662897, "Sweet": 0.0010770059235325794, "Deep": 0.0005385029617662897, "One": 0.010231556273559504, "Gristly": 0.0005385029617662897, "Farewell": 0.0005385029617662897, "What": 0.0059235325794291865, "MAGICAL": 0.0005385029617662897, "EIGHTEEN": 0.0005385029617662897, "TRUE": 0.0005385029617662897, "Bird": 0.0005385029617662897, "His": 0.004846526655896607, "Lizzie": 0.0005385029617662897, "Lectric": 0.0005385029617662897, "Hie": 0.0005385029617662897, "Emerald": 0.0005385029617662897, "Him": 0.0010770059235325794, "Loved": 0.0016155088852988692, "Please": 0.0010770059235325794, "Hungry": 0.0005385029617662897, "Desolate": 0.0005385029617662897, "She": 0.007000538502961767, "Nameless": 0.0005385029617662897, "Katy": 0.0005385029617662897, "Coconut": 0.0005385029617662897, "Noah": 0.0010770059235325794, "Yellow": 0.0010770059235325794, "Four": 0.002154011847065159, "Ready": 0.0005385029617662897, "Globs": 0.0005385029617662897, "Sat": 0.0010770059235325794, "From": 0.007000538502961767, "Blowin": 0.0005385029617662897, "Stops": 0.0005385029617662897, "APRIL": 0.0005385029617662897, "Startled": 0.0005385029617662897, "Which": 0.0016155088852988692, "out": 0.0010770059235325794, "Doubting": 0.0005385029617662897, "AFRAID": 0.0005385029617662897, "Very": 0.0005385029617662897, "Leftovers": 0.0005385029617662897, "Crusts": 0.0005385029617662897, "Eight": 0.0005385029617662897, "Maybe": 0.0005385029617662897, "INVISIBLE": 0.0005385029617662897, "Hold": 0.0005385029617662897, "Rubbery": 0.0005385029617662897, "Clasp": 0.0005385029617662897, "Town": 0.0005385029617662897, "G": 0.0005385029617662897, "This": 0.007539041464728056, "Worn": 0.0005385029617662897, "Ickle": 0.0026925148088314485, "WON": 0.0005385029617662897, "Nine": 0.0005385029617662897, "Either": 0.0005385029617662897, "Talked": 0.0005385029617662897, "ANYTHING": 0.0005385029617662897, "NO": 0.0005385029617662897, "Past": 0.0005385029617662897, "Dum": 0.0005385029617662897, "There": 0.007539041464728056, "RECIPE": 0.0005385029617662897, "Till": 0.004308023694130318, "Pure": 0.0005385029617662897, "Hangin": 0.0005385029617662897, "Ever": 0.0005385029617662897, "Ripenin": 0.0005385029617662897, "Invented": 0.0005385029617662897, "Margo": 0.0005385029617662897, "Prune": 0.0005385029617662897, "that": 0.0005385029617662897, "SKY": 0.0005385029617662897, "Curdled": 0.0005385029617662897, "Gatlin": 0.0005385029617662897, "Skinny": 0.0005385029617662897, "Rudy": 0.0010770059235325794, "Sapphires": 0.0005385029617662897, "Come": 0.002154011847065159, "Lester": 0.0010770059235325794, "See": 0.0005385029617662897, "Cellophane": 0.0005385029617662897, "and": 0.0010770059235325794, "God": 0.003769520732364028, "Moldy": 0.0005385029617662897, "Instead": 0.0010770059235325794, "Bout": 0.0005385029617662897, "Quaff": 0.0005385029617662897, "Then": 0.014001077005923533, "HUNGRY": 0.0005385029617662897, "Respite": 0.0005385029617662897, "They": 0.008077544426494346, "With": 0.008616047388260635, "Teacher": 0.0005385029617662897, "POOR": 0.0005385029617662897, "Ate": 0.0010770059235325794, "Fresh": 0.0010770059235325794, "Went": 0.0016155088852988692, "Creeping": 0.0005385029617662897, "Some": 0.002154011847065159, "Fifty": 0.0005385029617662897, "Donald": 0.0005385029617662897, "Ghastly": 0.0005385029617662897, "If": 0.012924071082390954, "Whose": 0.0005385029617662897, "Had": 0.0005385029617662897, "bathing": 0.0005385029617662897, "Under": 0.0016155088852988692, "Poor": 0.002154011847065159, "We": 0.009693053311793215, "Knitting": 0.0005385029617662897, "Thrilled": 0.0005385029617662897, "Big": 0.0005385029617662897, "Openin": 0.0005385029617662897, "Thirty": 0.0010770059235325794, "Whether": 0.0005385029617662897, "Thanksgiving": 0.0005385029617662897, "Nothin": 0.0010770059235325794, "Leave": 0.0010770059235325794, "While": 0.0032310177705977385, "ENTER": 0.0005385029617662897, "THE": 0.011847065158858373, "Quarter": 0.0005385029617662897, "WHERE": 0.0005385029617662897, "Once": 0.003769520732364028, "Right": 0.0016155088852988692, "Pardon": 0.0005385029617662897, "Over": 0.0010770059235325794, "Penny": 0.0005385029617662897, "Because": 0.0005385029617662897, "For": 0.010231556273559504, "Rings": 0.0005385029617662897, "John": 0.0005385029617662897, "Good": 0.0005385029617662897, "That": 0.009693053311793215,